Workbook

Sheet Huong_Dan
A1: HƯỚNG DẪN SỬ DỤNG FILE THEO DÕI GIAI ĐOẠN 1
A3: Sheet | B3: Dùng để làm gì | C3: Ai cập nhật
A4: Task_Tracker | B4: Danh sách mọi đầu việc, hạn nộp, file output, trạng thái | C4: Linh cập nhật cột Trạng thái và Link mỗi tối lúc 21:00
A5: Lich_7_Ngay | B5: Ma trận ai làm gì mỗi ngày D1 đến D7 | C5: Linh (chỉ sửa khi đổi kế hoạch)
A6: Danh_Muc_File | B6: Danh sách file phải có trong docs/, owner, người review, hạn, trạng thái | C6: Owner của file tự cập nhật trạng thái; Nhật Linh kiểm kê
A7: Bao_Cao_Hang_Ngay | B7: Báo cáo 21:00 của từng người (DONE, NOT DONE, BLOCKER, OUTPUT) | C7: Mỗi người tự điền một dòng mỗi ngày
A8: Tong_Quan | B8: Thống kê tự động số task theo người và trạng thái | C8: Không sửa tay, tự tính bằng công thức
A10: Trạng thái (cột Trạng thái) | B10: Ý nghĩa
A11: Chưa làm | B11: Chưa bắt đầu
A12: Đang làm | B12: Đã bắt đầu, chưa nộp
A13: Hoàn thành | B13: Đã push lên GitHub và đạt điều kiện tự kiểm tra
A14: Bị chặn/Trễ | B14: Bị kẹt hoặc quá hạn nộp
A16: Quy ước màu | B16: Ô nền vàng nhạt là ô người dùng được nhập. Ô khác không sửa tay.
A17: Quy ước ngày | B17: D1 = 01/10/2026 (Thứ Năm) đến D7 = 07/10/2026 (Thứ Tư)
A18: Nguyên tắc | B18: Không ai phụ thuộc ai (D1-D5): cột Phụ thuộc chỉ ghi Không. Chỉ bước kiểm tra D6 của Linh và tích hợp D6 của Nhật Linh cần file của người khác.

Sheet Task_Tracker
A1: ID | B1: Thành viên | C1: Ngày làm | D1: Ngày bắt đầu | E1: Ngày hạn nộp | F1: Giờ hạn | G1: Tên task | H1: Các bước chính (tóm tắt) | I1: Output bắt buộc | J1: Phụ thuộc | K1: Trạng thái | L1: Link commit / PR | M1: Ghi chú
A2: LH-01 | B2: Bùi Hà Linh | C2: D1 | D2: 46296 | E2: 46296 | F2: 18:00 | G2: Tạo repository GitHub | H2: Tạo repo A51-project, thêm 4 collaborator (quyền Write), tạo 5 thư mục + .gitkeep, .gitignore, requirements.txt, README (đủ 5 thành viên), push main, tạo nhánh docs/phase1, nhắn nhóm cách tạo nhánh cá nhân | I2: README.md; requirements.txt; .gitignore; src/ tests/ docs/ examples/ demo/; nhánh docs/phase1 | J2: Không | K2: Đang làm
A3: LH-02 | B3: Bùi Hà Linh | C3: D1 | D3: 46296 | E3: 46296 | F3: 20:00 | G3: Tạo task tracker | H3: Mở task_tracker.xlsx, đối chiếu từng dòng với tài liệu phân công, sửa nếu sai, copy vào docs/, commit, nhắn nhóm xem dòng của mình trước 20:00 | I3: docs/task_tracker.xlsx | J3: Không | K3: Chưa làm
A4: LH-07 | B4: Bùi Hà Linh | C4: D1 đến D5 | D4: 46296 | E4: 46300 | F4: 21:00 | G4: Theo dõi tiến độ hằng ngày | H4: 21:00 đọc báo cáo 4 người; kiểm tra file OUTPUT đã push chưa; cập nhật cột Trạng thái; gom BLOCKER/CONFLICT để xử lý ở D6; gửi tin tổng kết ngắn | I4: Tracker cập nhật mỗi tối; danh sách BLOCKER/CONFLICT | J4: Không | K4: Chưa làm
A5: LH-03 | B5: Bùi Hà Linh | C5: D2 | D5: 46297 | E5: 46297 | F5: 18:00 | G5: Đọc slide TinyA5/1, lập bảng Slide says | H5: Đọc slide dạng trang hình; lập bảng X/Y/Z (độ dài, clocking, feedback, hướng dịch, output) kèm số trang; ghi ký hiệu bit, key, S, C; chụp trang quan trọng; kiểm tra chia key 6+8+9 và XOR | I5: docs/audit/slide_blind_table.md; ảnh trong docs/assets/tiny/ | J5: Không | K5: Chưa làm
A6: LH-04 | B6: Bùi Hà Linh | C6: D3 | D6: 46298 | E6: 46298 | F6: 18:00 | G6: Tính tay Step 0 và Step 1, tạo checklist audit | H6: Chép dữ liệu ví dụ; làm Step 0 và Step 1 theo 7 việc nhỏ đến từng bit; điền bảng 12 cột; so với slide; tạo phase1_audit_checklist.md từ Phần 7.1 | I6: docs/tiny_a51_hand_calculation.md (Step 0, 1); docs/audit/phase1_audit_checklist.md | J6: Không | K6: Chưa làm
A7: LH-05 | B7: Bùi Hà Linh | C7: D4 | D7: 46299 | E7: 46299 | F7: 18:00 | G7: Tính tay Step 2, keystream, mã hóa, giải mã, điểm lệch Z | H7: Làm Step 2; ghép S, so S=100; tính C=P XOR S, so C=011; giải mã; so từng ô với slide; ghi khối DISCREPANCY cho Z sau bước 2; viết kết luận | I7: docs/tiny_a51_hand_calculation.md hoàn chỉnh (3 Step, 12 cột, DISCREPANCY, kết luận) | J7: Không | K7: Chưa làm
A8: LH-06 | B8: Bùi Hà Linh | C8: D5 | D8: 46300 | E8: 46300 | F8: 20:00 | G8: Điền technical_decisions.md | H8: Tạo bảng TD-001..005; TD-002 từ DISCREPANCY, TD-003 từ bảng Slide says; TD-001, 004, 005 tự tìm tối thiểu 2 nguồn ngoài; chỉ đề xuất, chưa chốt; thêm Danh sách còn mở | I8: docs/technical_decisions.md | J8: Không | K8: Chưa làm
A9: LH-08 | B9: Bùi Hà Linh | C9: D6 | D9: 46301 | E9: 46301 | F9: 12:00 / 18:00 / 21:00 | G9: Kiểm tra tổng thể, chốt quyết định, khóa quy ước, merge | H9: Kiểm tra từng file theo Phần 6; gửi danh sách sửa trước 12:00; chốt TD trước 18:00; chuyển convention mục 6, 7 sang LOCKED; gửi quyết định cho Nhật Linh; sau 21:00 merge nhánh vào docs/phase1 | I9: Danh sách sửa từng người; technical_decisions.md bản cuối; coding_convention.md LOCKED; docs/phase1 đã merge | J9: Sản phẩm D5 của cả nhóm (bước kiểm tra, không chặn việc D1-D5 của ai) | K9: Chưa làm
A10: LH-09 | B10: Bùi Hà Linh | C10: D7 | D10: 46302 | E10: 46302 | F10: 20:00 | G10: FINAL AUDIT | H10: 5 kiểm tra: TinyA5/1, A5/1, dấu hiệu chưa xong, chéo ví dụ tính tay, pseudocode; điền audit report; merge main; tag v0.1-spec | I10: docs/audit/phase1_audit_report.md; main đã merge; tag v0.1-spec | J10: LH-08 | K10: Chưa làm
A11: V-01 | B11: Lại Hoàng Thế Vũ | C11: D1 | D11: 46296 | E11: 46296 | F11: 18:00 | G11: Tìm nguồn A5/1 và tạo khung spec | H11: Đọc phần A5/1 trong slide; tìm tối thiểu 3 nguồn (ít nhất 1 nguồn mô tả đủ nạp key, frame, warm-up); lập bảng nguồn S1..S3; tạo khung 13 mục theo Phụ lục A.1 | I11: docs/a51_specification.md (khung + bảng nguồn) | J11: Không | K11: Chưa làm
A12: V-02 | B12: Lại Hoàng Thế Vũ | C12: D2 | D12: 46297 | E12: 46297 | F12: 18:00 | G12: Đặc tả R1, R2, R3 | H12: Xem trang gốc slide; trích từng nguồn vào bảng nháp; so sánh gán nhãn VERIFIED/SINGLE-SOURCE/CONFLICT; lập bảng 8 thông số x 3 register; kiểm tra 19+22+23=64; viết mục Majority | I12: a51_specification.md mục 2, 3 | J12: Không | K12: Chưa làm
A13: V-03 | B13: Lại Hoàng Thế Vũ | C13: D3 | D13: 46298 | E13: 46298 | F13: 18:00 | G13: Key loading và Frame loading | H13: Trả lời 12 câu hỏi có nguồn; ghi CONFLICT nếu hai nguồn khác nhau; viết mục 4, 5 theo từng bước; ví dụ nạp 3 bit đầu của key vào R1 | I13: a51_specification.md mục 4, 5 | J13: Không | K13: Chưa làm
... A38: NL-07 | B38: Nguyễn Thị Nhật Linh | C38: D7 | D38: 46302 | E38: 46302 | F38: 20:00 | G38: Sửa lỗi khi audit (trong 2 giờ) | H38: Nếu bị trả lại: sửa định dạng hoặc Decision Log trong vòng 2 giờ | I38: File được trả lại, bản sửa | J38: LH-09 | K38: Chưa làm

Sheet Lich_7_Ngay
A1: Ngày | B1: Ngày tháng | C1: Linh (trưởng nhóm) | D1: Vũ (A5/1) | E1: Lộc (TinyA5/1) | F1: Nhi (nghiên cứu) | G1: Nhật Linh (chuẩn hóa)
A2: D1 | B2: 01/10/2026 (Thứ Năm) | C2: Repo, README (18:00); task tracker (20:00) | D2: Nguồn A5/1, khung spec (18:00) | E2: Đọc trang gốc Tiny, ghi chú thô (18:00) | F2: Ghi chú GSM và A5/1, khởi tạo references (18:00) | G2: style_guide, khung terminology (18:00)
A3: D2 | B3: 02/10/2026 (Thứ Sáu) | C3: slide_blind_table.md, dữ liệu ví dụ tính tay (18:00) | D3: Bảng R1/R2/R3 (18:00) | E3: Spec mục 1-3: register, key distribution (18:00) | F3: Ghi chú stream cipher (18:00) | G3: terminology đầy đủ; convention mục 1-4, 9 (18:00)
A4: D3 | B4: 03/10/2026 (Thứ Bảy) | C4: Tính tay Step 0 và Step 1, checklist audit (18:00) | D4: Key loading, Frame loading (18:00) | E4: Spec mục 4-5: majority, rotation (18:00) | F4: LFSR, majority clocking, khung background (18:00) | G4: Convention mục 5-8; majority_truth_table (18:00)
A5: D4 | B5: 04/10/2026 (Chủ Nhật) | C5: Tính tay Step 2, S, C, DISCREPANCY (18:00) | D5: Warm-up, keystream, bit ordering, file dài (18:00) | E5: Spec mục 6: feedback, keystream (18:00) | F5: background.md hoàn chỉnh (18:00) | G5: register_shift_example (18:00)
A6: D5 | B6: 05/10/2026 (Thứ Hai) | C6: technical_decisions.md (20:00) | D6: a51_test_vector, chốt spec (20:00) | E6: Spec mục 7-9, chốt spec (20:00) | F6: references + ma trận nguồn (18:00); report_outline (20:00) | G6: decision_log khung, checklist nhất quán (20:00)
A7: D6 | B7: 06/10/2026 (Thứ Ba) | C7: Kiểm tra tổng thể, danh sách sửa (12:00); chốt quyết định (18:00); khóa quy ước, merge (21:00) | D7: Sửa theo danh sách (17:00) | E7: Sửa theo danh sách (17:00) | F7: Sửa theo danh sách (17:00) | G7: Sửa (17:00); tích hợp, consistency_report, Decision Log (21:00)
A8: D7 | B8: 07/10/2026 (Thứ Tư) | C8: FINAL AUDIT, merge main, tag v0.1-spec (20:00) | D8: Sửa trong 2 giờ nếu bị trả lại | E8: Sửa trong 2 giờ nếu bị trả lại | F8: Sửa trong 2 giờ nếu bị trả lại; có thể làm bài kiểm tra pseudocode | G8: Sửa trong 2 giờ nếu bị trả lại

Sheet Danh_Muc_File
A1: File | B1: Owner | C1: Người review | D1: Hạn bản đầy đủ | E1: Trạng thái | F1: Ghi chú
A2: README.md | B2: Bùi Hà Linh | C2: Nguyễn Thị Nhật Linh | D2: D1 18:00 | E2: Chưa làm
A3: requirements.txt | B3: Bùi Hà Linh | C3: Nguyễn Thị Nhật Linh | D3: D1 18:00 | E3: Chưa làm
A4: .gitignore | B4: Bùi Hà Linh | C4: Nguyễn Thị Nhật Linh | D4: D1 18:00 | E4: Chưa làm
A5: docs/task_tracker.xlsx | B5: Bùi Hà Linh | C5: Nguyễn Thị Nhật Linh | D5: D1 20:00 | E5: Chưa làm
A6: docs/style_guide.md | B6: Nguyễn Thị Nhật Linh | C6: Bùi Hà Linh | D6: D1 18:00 | E6: Chưa làm
A7: docs/coding_convention.md | B7: Nguyễn Thị Nhật Linh | C7: Bùi Hà Linh | D7: D3 18:00 (đủ 9 mục, PROVISIONAL); D6 18:00 (Hà Linh khóa LOCKED) | E7: Chưa làm
A8: docs/terminology.md | B8: Nguyễn Thị Nhật Linh | C8: Bùi Hà Linh | D8: D2 18:00; cập nhật D5 20:00 | E8: Chưa làm
A9: docs/technical_decisions.md | B9: Bùi Hà Linh | C9: Nguyễn Thị Nhật Linh | D9: D5 20:00; D6 18:00 (bản cuối) | E9: Chưa làm
A10: docs/decision_log.md | B10: Nguyễn Thị Nhật Linh | C10: Bùi Hà Linh | D10: D5 20:00 (khung); D6 21:00 (đủ 5 mục) | E10: Chưa làm
A11: docs/tiny_a51_specification.md | B11: Trần Đại Lộc | C11: Bùi Hà Linh | D11: D5 20:00 | E11: Chưa làm
A12: docs/majority_truth_table.md | B12: Nguyễn Thị Nhật Linh | C12: Bùi Hà Linh | D12: D3 18:00 | E12: Chưa làm
A13: docs/register_shift_example.md | B13: Nguyễn Thị Nhật Linh | C13: Bùi Hà Linh | D13: D4 18:00 | E13: Chưa làm
... A24: Tag git v0.1-spec | B24: Bùi Hà Linh | C24: Cả nhóm | D24: D7 20:00 | E24: Chưa làm

Sheet Bao_Cao_Hang_Ngay
A1: Ngày | B1: Thành viên | C1: DONE | D1: NOT DONE | E1: BLOCKER | F1: OUTPUT (link commit / file) | G1: Trạng thái chung
A2: 01/10/2026 (ví dụ, xóa khi dùng thật) | B2: Trần Đại Lộc | C2: Đọc xong phần TinyA5/1, tạo ghi chú thô trong tiny_a51_specification.md | D2: Chưa chụp hết trang slide | E2: Cần xác nhận slide ký hiệu x0 hay x1 | F2: docs/tiny_a51_specification.md (commit abc123) | G2: Đang làm

Sheet Tong_Quan
A1: Thành viên | B1: Tổng task | C1: Chưa làm | D1: Đang làm | E1: Hoàn thành | F1: Bị chặn/Trễ | G1: Tỷ lệ hoàn thành
A2: Bùi Hà Linh | B2: =COUNTIF(Task_Tracker!$B$2:$B$38,A2) -> 9 | C2: =COUNTIFS(Task_Tracker!$B$2:$B$38,$A2,Task_Tracker!$K$2:$K$38,"Chưa làm") -> 8 | D2: =COUNTIFS(Task_Tracker!$B$2:$B$38,$A2,Task_Tracker!$K$2:$K$38,"Đang làm") -> 1 | E2: =COUNTIFS(Task_Tracker!$B$2:$B$38,$A2,Task_Tracker!$K$2:$K$38,"Hoàn thành") -> 0 | F2: =COUNTIFS(Task_Tracker!$B$2:$B$38,$A2,Task_Tracker!$K$2:$K$38,"Bị chặn/Trễ") -> 0 | G2: =IF(B2=0,0,E2/B2) -> 0
A3: Lại Hoàng Thế Vũ | B3: =COUNTIF(Task_Tracker!$B$2:$B$38,A3) -> 7 | C3: =COUNTIFS(Task_Tracker!$B$2:$B$38,$A3,Task_Tracker!$K$2:$K$38,"Chưa làm") -> 7 | D3: =COUNTIFS(Task_Tracker!$B$2:$B$38,$A3,Task_Tracker!$K$2:$K$38,"Đang làm") -> 0 | E3: =COUNTIFS(Task_Tracker!$B$2:$B$38,$A3,Task_Tracker!$K$2:$K$38,"Hoàn thành") -> 0 | F3: =COUNTIFS(Task_Tracker!$B$2:$B$38,$A3,Task_Tracker!$K$2:$K$38,"Bị chặn/Trễ") -> 0 | G3: =IF(B3=0,0,E3/B3) -> 0
A4: Hoàng Yến Nhi | B4: =COUNTIF(Task_Tracker!$B$2:$B$38,A4) -> 7 | C4: =COUNTIFS(Task_Tracker!$B$2:$B$38,$A4,Task_Tracker!$K$2:$K$38,"Chưa làm") -> 7 | D4: =COUNTIFS(Task_Tracker!$B$2:$B$38,$A4,Task_Tracker!$K$2:$K$38,"Đang làm") -> 0 | E4: =COUNTIFS(Task_Tracker!$B$2:$B$38,$A4,Task_Tracker!$K$2:$K$38,"Hoàn thành") -> 0 | F4: =COUNTIFS(Task_Tracker!$B$2:$B$38,$A4,Task_Tracker!$K$2:$K$38,"Bị chặn/Trễ") -> 0 | G4: =IF(B4=0,0,E4/B4) -> 0
A5: Nguyễn Thị Nhật Linh | B5: =COUNTIF(Task_Tracker!$B$2:$B$38,A5) -> 7 | C5: =COUNTIFS(Task_Tracker!$B$2:$B$38,$A5,Task_Tracker!$K$2:$K$38,"Chưa làm") -> 7 | D5: =COUNTIFS(Task_Tracker!$B$2:$B$38,$A5,Task_Tracker!$K$2:$K$38,"Đang làm") -> 0 | E5: =COUNTIFS(Task_Tracker!$B$2:$B$38,$A5,Task_Tracker!$K$2:$K$38,"Hoàn thành") -> 0 | F5: =COUNTIFS(Task_Tracker!$B$2:$B$38,$A5,Task_Tracker!$K$2:$K$38,"Bị chặn/Trễ") -> 0 | G5: =IF(B5=0,0,E5/B5) -> 0
A6: Trần Đại Lộc | B6: =COUNTIF(Task_Tracker!$B$2:$B$38,A6) -> 7 | C6: =COUNTIFS(Task_Tracker!$B$2:$B$38,$A6,Task_Tracker!$K$2:$K$38,"Chưa làm") -> 7 | D6: =COUNTIFS(Task_Tracker!$B$2:$B$38,$A6,Task_Tracker!$K$2:$K$38,"Đang làm") -> 0 | E6: =COUNTIFS(Task_Tracker!$B$2:$B$38,$A6,Task_Tracker!$K$2:$K$38,"Hoàn thành") -> 0 | F6: =COUNTIFS(Task_Tracker!$B$2:$B$38,$A6,Task_Tracker!$K$2:$K$38,"Bị chặn/Trễ") -> 0 | G6: =IF(B6=0,0,E6/B6) -> 0
A7: Tổng cộng | B7: =SUM(B2:B6) -> 37 | C7: =SUM(C2:C6) -> 36 | D7: =SUM(D2:D6) -> 1 | E7: =SUM(E2:E6) -> 0 | F7: =SUM(F2:F6) -> 0 | G7: =IF(B7=0,0,E7/B7) -> 0
